{"stats":{"minecraft:custom":{"minecraft:interact_with_smithing_table":1,"minecraft:interact_with_furnace":1,"minecraft:inspect_dropper":2,"minecraft:interact_with_anvil":3,"minecraft:mob_kills":4,"minecraft:interact_with_crafting_table":26,"minecraft:open_barrel":3,"minecraft:leave_game":1,"minecraft:time_since_death":64551,"minecraft:sleep_in_bed":5,"minecraft:climb_one_cm":3414,"minecraft:time_since_rest":208,"minecraft:sprint_one_cm":161674,"minecraft:damage_taken":160,"minecraft:walk_one_cm":178189,"minecraft:drop":12,"minecraft:damage_dealt":390,"minecraft:talked_to_villager":14,"minecraft:fly_one_cm":152668,"minecraft:open_chest":37,"minecraft:crouch_one_cm":695,"minecraft:play_time":64551,"minecraft:sneak_time":174,"minecraft:walk_under_water_one_cm":664,"minecraft:jump":916,"minecraft:interact_with_blast_furnace":25,"minecraft:walk_on_water_one_cm":2644,"minecraft:interact_with_smoker":5,"minecraft:total_world_time":64551,"minecraft:fall_one_cm":25619},"minecraft:used":{"minecraft:damaged_anvil":1,"minecraft:stone_sword":18,"minecraft:iron_shovel":3,"minecraft:oak_planks":16,"minecraft:crafting_table":3,"minecraft:red_bed":5,"minecraft:blast_furnace":1,"minecraft:shears":17,"minecraft:milk_bucket":1,"minecraft:iron_axe":41,"minecraft:bread":10,"minecraft:iron_pickaxe":206,"minecraft:stone_axe":8,"minecraft:red_carpet":5,"minecraft:cobblestone":2,"minecraft:cobweb":2},"minecraft:killed":{"minecraft:sheep":3,"minecraft:cow":1},"minecraft:crafted":{"minecraft:oak_planks":32,"minecraft:crafting_table":1,"minecraft:iron_helmet":1,"minecraft:iron_sword":1,"usefulbackpacks:backpack_small":1,"minecraft:stone_axe":1,"minecraft:bread":2,"minecraft:air":0,"minecraft:iron_boots":1,"minecraft:iron_chestplate":1,"minecraft:shield":1,"minecraft:iron_axe":1,"minecraft:stick":4,"minecraft:iron_ingot":106,"minecraft:iron_block":3,"minecraft:stone_sword":1,"minecraft:iron_leggings":1,"minecraft:gold_ingot":1,"minecraft:anvil":1,"minecraft:torch":12,"minecraft:shears":1},"minecraft:dropped":{"minecraft:gravel":2,"minecraft:stone_axe":2,"minecraft:wheat_seeds":1,"minecraft:iron_nugget":1,"minecraft:stone_sword":2,"minecraft:tuff":1,"minecraft:oak_planks":8,"minecraft:stone_slab":4,"minecraft:red_wool":3},"minecraft:mined":{"minecraft:tuff":4,"minecraft:red_carpet":3,"minecraft:red_wool":3,"minecraft:red_bed":6,"minecraft:observer":1,"minecraft:crafting_table":3,"minecraft:light_gray_terracotta":2,"minecraft:blast_furnace":2,"minecraft:emerald_ore":3,"minecraft:dropper":1,"minecraft:decorated_pot":1,"minecraft:brown_wool":13,"minecraft:stone_slab":4,"minecraft:tall_grass":1,"minecraft:lapis_ore":1,"minecraft:oak_planks":5,"minecraft:damaged_anvil":1,"minecraft:hay_block":12,"minecraft:red_candle":1,"minecraft:iron_ore":97,"minecraft:target":1,"minecraft:oak_log":27,"minecraft:coal_ore":45,"minecraft:oak_stairs":1,"minecraft:gravel":2,"minecraft:stripped_oak_log":3,"minecraft:cobweb":2,"minecraft:terracotta":1,"minecraft:dispenser":1,"minecraft:stone":33,"minecraft:white_wool":17,"minecraft:deepslate_emerald_ore":1},"minecraft:picked_up":{"minecraft:stripped_oak_log":3,"minecraft:shelter_pottery_sherd":1,"minecraft:crafting_table":3,"minecraft:brown_wool":13,"minecraft:stone_slab":4,"minecraft:oak_stairs":1,"minecraft:tuff":1,"minecraft:oak_log":27,"minecraft:lapis_lazuli":5,"minecraft:string":2,"minecraft:red_bed":6,"minecraft:red_candle":3,"minecraft:red_carpet":5,"minecraft:wheat_seeds":1,"minecraft:observer":1,"minecraft:oak_planks":17,"minecraft:scaffolding":1,"minecraft:raw_iron":97,"minecraft:sheaf_pottery_sherd":1,"minecraft:torch":1,"minecraft:red_wool":3,"minecraft:gravel":2,"minecraft:dropper":1,"minecraft:blast_furnace":2,"minecraft:light_gray_terracotta":2,"minecraft:stone_sword":1,"minecraft:dispenser":1,"minecraft:snort_pottery_sherd":1,"minecraft:angler_pottery_sherd":1,"minecraft:stone_axe":1,"minecraft:hay_block":12,"minecraft:emerald":4,"minecraft:terracotta":1,"minecraft:oak_sapling":4,"minecraft:damaged_anvil":1,"minecraft:mutton":1,"minecraft:coal":44,"minecraft:white_wool":20,"minecraft:cobblestone":12}},"DataVersion":3465}