{"stats":{"minecraft:custom":{"minecraft:jump":79,"minecraft:time_since_rest":4551,"minecraft:sprint_one_cm":9011,"minecraft:leave_game":1,"minecraft:play_time":4551,"minecraft:time_since_death":4551,"minecraft:walk_one_cm":15340,"minecraft:total_world_time":4551,"minecraft:fall_one_cm":2208,"minecraft:fly_one_cm":11576},"minecraft:used":{"minecraft:red_carpet":5},"minecraft:mined":{"minecraft:red_carpet":3,"minecraft:red_bed":2,"minecraft:red_wool":3},"minecraft:picked_up":{"minecraft:red_carpet":5,"minecraft:red_wool":3,"minecraft:red_bed":2}},"DataVersion":3465}