{"stats":{"minecraft:custom":{"minecraft:interact_with_smithing_table":1,"minecraft:interact_with_furnace":1,"minecraft:inspect_dropper":2,"minecraft:interact_with_anvil":3,"minecraft:mob_kills":21,"minecraft:interact_with_crafting_table":26,"minecraft:open_barrel":3,"minecraft:leave_game":1,"minecraft:time_since_death":76551,"minecraft:sleep_in_bed":5,"minecraft:climb_one_cm":3414,"minecraft:time_since_rest":12208,"minecraft:sprint_one_cm":187107,"minecraft:damage_taken":435,"minecraft:walk_one_cm":221292,"minecraft:damage_blocked_by_shield":75,"minecraft:drop":21,"minecraft:damage_dealt":2693,"minecraft:talked_to_villager":14,"minecraft:fly_one_cm":194966,"minecraft:open_chest":41,"minecraft:crouch_one_cm":2267,"minecraft:play_time":76551,"minecraft:sneak_time":580,"minecraft:walk_under_water_one_cm":1836,"minecraft:jump":1117,"minecraft:interact_with_blast_furnace":25,"minecraft:walk_on_water_one_cm":8427,"minecraft:interact_with_smoker":5,"minecraft:total_world_time":76551,"minecraft:fall_one_cm":30755},"minecraft:used":{"minecraft:damaged_anvil":1,"minecraft:stone_sword":18,"minecraft:iron_shovel":3,"minecraft:red_sandstone_slab":2,"minecraft:oak_planks":16,"minecraft:shield":4,"minecraft:torch":13,"minecraft:crafting_table":3,"minecraft:red_bed":6,"minecraft:blast_furnace":1,"minecraft:shears":17,"minecraft:milk_bucket":1,"minecraft:iron_axe":91,"minecraft:bread":14,"minecraft:iron_pickaxe":224,"minecraft:bow":10,"minecraft:stone_axe":8,"minecraft:red_carpet":5,"minecraft:cobblestone":2,"travelersbackpack:standard":4,"minecraft:bucket":3,"minecraft:cobweb":2,"minecraft:water_bucket":3},"minecraft:crafted":{"minecraft:oak_planks":32,"minecraft:crafting_table":1,"minecraft:iron_helmet":1,"minecraft:iron_sword":1,"usefulbackpacks:backpack_small":1,"minecraft:stone_axe":1,"minecraft:bread":2,"minecraft:air":0,"minecraft:iron_boots":1,"minecraft:iron_chestplate":1,"minecraft:shield":1,"minecraft:iron_axe":1,"minecraft:stick":4,"minecraft:iron_ingot":106,"minecraft:iron_block":3,"minecraft:stone_sword":1,"minecraft:iron_leggings":1,"minecraft:gold_ingot":1,"minecraft:anvil":1,"minecraft:torch":12,"minecraft:shears":1},"minecraft:killed":{"minecraft:husk":13,"minecraft:sheep":3,"minecraft:cow":5},"minecraft:dropped":{"minecraft:gravel":2,"minecraft:stone_axe":2,"minecraft:wheat_seeds":1,"minecraft:iron_nugget":1,"minecraft:stone_sword":2,"minecraft:light_gray_terracotta":2,"minecraft:tuff":1,"minecraft:red_sandstone":1,"minecraft:yellow_terracotta":2,"minecraft:rotten_flesh":5,"minecraft:oak_planks":8,"minecraft:stone_slab":4,"minecraft:red_wool":3,"minecraft:leather_helmet":1,"minecraft:orange_terracotta":1,"minecraft:oak_stairs":1,"minecraft:red_sandstone_stairs":1},"minecraft:mined":{"minecraft:yellow_terracotta":2,"minecraft:red_sandstone_slab":3,"minecraft:acacia_leaves":2,"minecraft:tuff":4,"minecraft:red_carpet":3,"minecraft:red_wool":3,"minecraft:red_bed":6,"minecraft:orange_terracotta":1,"minecraft:observer":1,"minecraft:crafting_table":3,"minecraft:light_gray_terracotta":2,"minecraft:blast_furnace":2,"minecraft:emerald_ore":3,"minecraft:dropper":1,"minecraft:decorated_pot":1,"minecraft:brown_wool":13,"minecraft:stone_slab":4,"minecraft:red_sandstone_stairs":1,"minecraft:tall_grass":1,"minecraft:smooth_red_sandstone_slab":2,"minecraft:lapis_ore":1,"minecraft:oak_planks":5,"minecraft:damaged_anvil":1,"minecraft:spawner":2,"minecraft:hay_block":12,"minecraft:red_candle":1,"minecraft:iron_ore":97,"minecraft:target":1,"minecraft:smooth_red_sandstone":1,"minecraft:grass":4,"minecraft:oak_log":27,"minecraft:coal_ore":45,"minecraft:oak_stairs":1,"minecraft:gravel":2,"minecraft:stripped_oak_log":3,"minecraft:cobweb":2,"minecraft:terracotta":1,"philipsruins:red_sand_stone_brick":2,"minecraft:dispenser":1,"minecraft:stone":34,"minecraft:white_wool":17,"minecraft:deepslate_emerald_ore":1},"minecraft:picked_up":{"minecraft:stripped_oak_log":3,"minecraft:shelter_pottery_sherd":1,"minecraft:crafting_table":3,"minecraft:leather":2,"minecraft:brown_wool":13,"minecraft:stone_slab":4,"minecraft:oak_stairs":1,"minecraft:tuff":1,"minecraft:oak_log":27,"minecraft:lapis_lazuli":5,"minecraft:string":2,"minecraft:red_bed":6,"philipsruins:red_sand_stone_brick":2,"minecraft:orange_terracotta":1,"minecraft:red_candle":3,"minecraft:red_carpet":5,"minecraft:smooth_red_sandstone_slab":2,"minecraft:red_sandstone":1,"minecraft:wheat_seeds":1,"minecraft:beef":7,"minecraft:observer":1,"minecraft:oak_planks":17,"minecraft:scaffolding":1,"minecraft:raw_iron":97,"minecraft:sheaf_pottery_sherd":1,"minecraft:torch":1,"minecraft:red_wool":3,"minecraft:gravel":2,"minecraft:dropper":1,"minecraft:blast_furnace":2,"minecraft:rotten_flesh":11,"minecraft:leather_helmet":1,"minecraft:light_gray_terracotta":2,"minecraft:stone_sword":1,"minecraft:dispenser":1,"minecraft:snort_pottery_sherd":1,"minecraft:red_sandstone_slab":3,"minecraft:angler_pottery_sherd":1,"minecraft:stone_axe":1,"minecraft:hay_block":12,"minecraft:smooth_red_sandstone":1,"minecraft:yellow_terracotta":2,"minecraft:emerald":4,"minecraft:terracotta":1,"minecraft:oak_sapling":4,"minecraft:damaged_anvil":1,"minecraft:red_sandstone_stairs":1,"minecraft:mutton":1,"minecraft:coal":44,"minecraft:white_wool":20,"minecraft:cobblestone":13}},"DataVersion":3465}