{"stats":{"minecraft:custom":{"minecraft:interact_with_smithing_table":1,"minecraft:interact_with_furnace":1,"minecraft:inspect_dropper":2,"minecraft:interact_with_anvil":3,"minecraft:mob_kills":3,"minecraft:interact_with_crafting_table":15,"minecraft:open_barrel":3,"minecraft:leave_game":1,"minecraft:time_since_death":40551,"minecraft:sleep_in_bed":3,"minecraft:climb_one_cm":3221,"minecraft:time_since_rest":2763,"minecraft:sprint_one_cm":109460,"minecraft:damage_taken":60,"minecraft:walk_one_cm":126214,"minecraft:drop":4,"minecraft:damage_dealt":310,"minecraft:talked_to_villager":10,"minecraft:fly_one_cm":99563,"minecraft:open_chest":35,"minecraft:crouch_one_cm":106,"minecraft:play_time":40551,"minecraft:sneak_time":68,"minecraft:walk_under_water_one_cm":664,"minecraft:jump":599,"minecraft:interact_with_blast_furnace":8,"minecraft:walk_on_water_one_cm":2644,"minecraft:interact_with_smoker":5,"minecraft:total_world_time":40551,"minecraft:fall_one_cm":15547},"minecraft:used":{"minecraft:damaged_anvil":1,"minecraft:stone_sword":18,"minecraft:iron_shovel":3,"minecraft:crafting_table":3,"minecraft:red_bed":3,"minecraft:blast_furnace":1,"minecraft:milk_bucket":1,"minecraft:bread":5,"minecraft:iron_pickaxe":131,"minecraft:stone_axe":8,"minecraft:red_carpet":5,"minecraft:cobblestone":2,"minecraft:cobweb":2},"minecraft:killed":{"minecraft:sheep":2,"minecraft:cow":1},"minecraft:dropped":{"minecraft:wheat_seeds":1,"minecraft:oak_planks":8,"minecraft:red_wool":3},"minecraft:crafted":{"minecraft:oak_planks":12,"minecraft:crafting_table":1,"usefulbackpacks:backpack_small":1,"minecraft:stone_axe":1,"minecraft:bread":2,"minecraft:air":0,"minecraft:iron_boots":1,"minecraft:iron_chestplate":1,"minecraft:stick":4,"minecraft:iron_ingot":18,"minecraft:stone_sword":1,"minecraft:iron_leggings":1,"minecraft:gold_ingot":1},"minecraft:mined":{"minecraft:red_carpet":3,"minecraft:red_wool":3,"minecraft:red_bed":4,"minecraft:observer":1,"minecraft:crafting_table":2,"minecraft:blast_furnace":1,"minecraft:emerald_ore":1,"minecraft:dropper":1,"minecraft:stone_slab":2,"minecraft:tall_grass":1,"minecraft:damaged_anvil":1,"minecraft:hay_block":12,"minecraft:iron_ore":53,"minecraft:target":1,"minecraft:coal_ore":39,"minecraft:gravel":2,"minecraft:stripped_oak_log":3,"minecraft:cobweb":2,"minecraft:dispenser":1,"minecraft:stone":29,"minecraft:white_wool":6},"minecraft:picked_up":{"minecraft:stripped_oak_log":3,"minecraft:crafting_table":2,"minecraft:stone_slab":2,"minecraft:string":2,"minecraft:red_bed":4,"minecraft:red_carpet":5,"minecraft:wheat_seeds":1,"minecraft:observer":1,"minecraft:oak_planks":12,"minecraft:scaffolding":1,"minecraft:raw_iron":53,"minecraft:torch":1,"minecraft:red_wool":3,"minecraft:gravel":2,"minecraft:dropper":1,"minecraft:blast_furnace":1,"minecraft:dispenser":1,"minecraft:hay_block":12,"minecraft:emerald":1,"minecraft:damaged_anvil":1,"minecraft:coal":38,"minecraft:white_wool":8,"minecraft:cobblestone":8}},"DataVersion":3465}