{"stats":{"minecraft:custom":{"minecraft:time_since_rest":3757,"minecraft:interact_with_smithing_table":1,"minecraft:sprint_one_cm":80747,"minecraft:interact_with_furnace":1,"minecraft:inspect_dropper":2,"minecraft:damage_taken":30,"minecraft:walk_one_cm":99849,"minecraft:mob_kills":3,"minecraft:drop":4,"minecraft:damage_dealt":310,"minecraft:talked_to_villager":10,"minecraft:interact_with_crafting_table":10,"minecraft:fly_one_cm":66269,"minecraft:open_barrel":3,"minecraft:open_chest":33,"minecraft:crouch_one_cm":26,"minecraft:play_time":28551,"minecraft:sneak_time":59,"minecraft:walk_under_water_one_cm":664,"minecraft:jump":367,"minecraft:interact_with_blast_furnace":4,"minecraft:leave_game":1,"minecraft:walk_on_water_one_cm":2644,"minecraft:time_since_death":28551,"minecraft:sleep_in_bed":2,"minecraft:total_world_time":28551,"minecraft:climb_one_cm":3221,"minecraft:interact_with_smoker":5,"minecraft:fall_one_cm":9770},"minecraft:used":{"minecraft:stone_sword":18,"minecraft:iron_shovel":1,"minecraft:bread":3,"minecraft:iron_pickaxe":26,"minecraft:stone_axe":5,"minecraft:red_carpet":5,"minecraft:crafting_table":1,"minecraft:red_bed":2,"minecraft:cobweb":2,"minecraft:milk_bucket":1},"minecraft:dropped":{"minecraft:wheat_seeds":1,"minecraft:oak_planks":8,"minecraft:red_wool":3},"minecraft:crafted":{"minecraft:oak_planks":12,"minecraft:crafting_table":1,"minecraft:stick":4,"minecraft:stone_sword":1,"usefulbackpacks:backpack_small":1,"minecraft:stone_axe":1,"minecraft:bread":2},"minecraft:killed":{"minecraft:sheep":2,"minecraft:cow":1},"minecraft:mined":{"minecraft:hay_block":12,"minecraft:red_carpet":3,"minecraft:red_bed":3,"minecraft:red_wool":3,"minecraft:observer":1,"minecraft:target":1,"minecraft:dropper":1,"minecraft:stripped_oak_log":3,"minecraft:cobweb":2,"minecraft:tall_grass":1,"minecraft:stone":20,"minecraft:dispenser":1,"minecraft:damaged_anvil":1,"minecraft:white_wool":6},"minecraft:picked_up":{"minecraft:stripped_oak_log":3,"minecraft:scaffolding":1,"minecraft:red_wool":3,"minecraft:torch":1,"minecraft:dropper":1,"minecraft:string":2,"minecraft:red_bed":3,"minecraft:red_carpet":5,"minecraft:dispenser":1,"minecraft:wheat_seeds":1,"minecraft:hay_block":12,"minecraft:observer":1,"minecraft:damaged_anvil":1,"minecraft:oak_planks":12,"minecraft:white_wool":8}},"DataVersion":3465}