{"stats":{"minecraft:custom":{"minecraft:time_since_rest":4934,"minecraft:interact_with_smithing_table":1,"minecraft:sprint_one_cm":35771,"minecraft:interact_with_furnace":1,"minecraft:inspect_dropper":2,"minecraft:damage_taken":10,"minecraft:walk_one_cm":54587,"minecraft:drop":1,"minecraft:talked_to_villager":5,"minecraft:interact_with_crafting_table":8,"minecraft:fly_one_cm":31865,"minecraft:open_barrel":1,"minecraft:open_chest":18,"minecraft:play_time":16551,"minecraft:sneak_time":46,"minecraft:walk_under_water_one_cm":664,"minecraft:jump":206,"minecraft:interact_with_blast_furnace":4,"minecraft:leave_game":1,"minecraft:walk_on_water_one_cm":2585,"minecraft:time_since_death":16551,"minecraft:sleep_in_bed":1,"minecraft:total_world_time":16551,"minecraft:climb_one_cm":3185,"minecraft:interact_with_smoker":2,"minecraft:fall_one_cm":4206},"minecraft:used":{"minecraft:stone_sword":3,"minecraft:iron_shovel":1,"minecraft:bread":1,"minecraft:iron_pickaxe":5,"minecraft:stone_axe":3,"minecraft:red_carpet":5,"minecraft:red_bed":1},"minecraft:dropped":{"minecraft:wheat_seeds":1},"minecraft:crafted":{"minecraft:oak_planks":12,"minecraft:stick":4,"minecraft:stone_sword":1,"minecraft:stone_axe":1,"minecraft:bread":2},"minecraft:mined":{"minecraft:hay_block":12,"minecraft:red_carpet":3,"minecraft:red_bed":2,"minecraft:red_wool":3,"minecraft:observer":1,"minecraft:dropper":1,"minecraft:stripped_oak_log":3,"minecraft:dispenser":1,"minecraft:damaged_anvil":1},"minecraft:picked_up":{"minecraft:stripped_oak_log":3,"minecraft:scaffolding":1,"minecraft:red_wool":3,"minecraft:torch":1,"minecraft:dropper":1,"minecraft:red_bed":2,"minecraft:red_carpet":5,"minecraft:dispenser":1,"minecraft:wheat_seeds":1,"minecraft:hay_block":12,"minecraft:observer":1,"minecraft:damaged_anvil":1}},"DataVersion":3465}