{"stats":{"minecraft:killed_by":{"man:managgresive":1},"minecraft:custom":{"minecraft:interact_with_smithing_table":1,"minecraft:inspect_dropper":2,"minecraft:interact_with_anvil":3,"minecraft:mob_kills":52,"minecraft:interact_with_crafting_table":31,"minecraft:open_barrel":31,"minecraft:leave_game":2,"minecraft:time_since_death":6552,"minecraft:climb_one_cm":8368,"minecraft:sprint_one_cm":373137,"minecraft:walk_one_cm":453310,"minecraft:damage_blocked_by_shield":75,"minecraft:drop":47,"minecraft:talked_to_villager":19,"minecraft:play_time":180268,"minecraft:deaths":3,"minecraft:sneak_time":2124,"minecraft:walk_under_water_one_cm":4609,"minecraft:interact_with_lectern":1,"minecraft:interact_with_brewingstand":6,"minecraft:jump":1843,"minecraft:interact_with_blast_furnace":25,"minecraft:walk_on_water_one_cm":16205,"minecraft:total_world_time":180268,"minecraft:interact_with_furnace":1,"minecraft:sleep_in_bed":17,"minecraft:time_since_rest":6395,"minecraft:open_enderchest":2,"minecraft:damage_taken":2701,"minecraft:trigger_trapped_chest":21,"minecraft:damage_dealt":7018,"minecraft:swim_one_cm":4319,"minecraft:fly_one_cm":350271,"minecraft:open_chest":89,"minecraft:crouch_one_cm":4667,"minecraft:interact_with_smoker":6,"minecraft:fall_one_cm":62716,"minecraft:horse_one_cm":564512},"minecraft:broken":{"minecraft:iron_pickaxe":1},"minecraft:used":{"minecraft:oak_fence":5,"minecraft:red_sand":2,"minecraft:blue_terracotta":1,"minecraft:stone_sword":18,"minecraft:iron_shovel":3,"minecraft:red_sandstone_slab":2,"minecraft:shield":4,"minecraft:torch":36,"minecraft:milk_bucket":1,"minecraft:iron_axe":105,"minecraft:red_carpet":5,"minecraft:bow":23,"minecraft:water_bucket":17,"minecraft:damaged_anvil":1,"minecraft:lead":1,"minecraft:oak_planks":16,"minecraft:crafting_table":6,"minecraft:red_bed":11,"minecraft:blast_furnace":1,"minecraft:white_bed":4,"minecraft:shears":17,"simplyswords:mjolnir":63,"minecraft:red_sandstone":56,"mythicupgrades:zircon_potion":2,"minecraft:bread":43,"minecraft:iron_pickaxe":361,"mythicmounts:firebird_feather":2,"mythicupgrades:citrine_potion":2,"minecraft:stone_axe":8,"minecraft:cobblestone":2,"travelersbackpack:standard":14,"minecraft:bucket":17,"mcdw:hammer_great_hammer":2,"minecraft:cobweb":2},"minecraft:killed":{"minecraft:witch":1,"minecraft:husk":27,"minecraft:zombie_villager":11,"minecraft:sheep":3,"minecraft:pillager":1,"minecraft:cow":5},"minecraft:crafted":{"minecraft:oak_planks":56,"usefulbackpacks:backpack_small":1,"minecraft:iron_boots":1,"minecraft:iron_axe":1,"minecraft:oak_fence":6,"minecraft:crafting_table":2,"minecraft:iron_helmet":1,"minecraft:iron_sword":1,"minecraft:stone_axe":1,"minecraft:bread":2,"minecraft:air":0,"minecraft:iron_chestplate":1,"minecraft:shield":1,"minecraft:stick":16,"minecraft:iron_ingot":106,"minecraft:iron_block":3,"minecraft:stone_sword":1,"minecraft:iron_leggings":1,"minecraft:gold_ingot":1,"minecraft:anvil":1,"minecraft:white_bed":1,"minecraft:torch":40,"minecraft:shears":1},"minecraft:dropped":{"minecraft:bread":1,"minecraft:wheat_seeds":1,"minecraft:glass_bottle":1,"minecraft:red_sandstone":1,"mythicmounts:firebird_feather":1,"minecraft:dark_oak_slab":1,"minecraft:yellow_terracotta":2,"minecraft:red_wool":3,"minecraft:leather_helmet":1,"minecraft:pufferfish":6,"minecraft:smooth_red_sandstone":2,"minecraft:torch":1,"minecraft:oak_stairs":1,"minecraft:smooth_red_sandstone_slab":2,"philipsruins:red_sand_stone_brick":3,"minecraft:gravel":2,"minecraft:stone_axe":2,"minecraft:iron_nugget":1,"minecraft:stone_sword":5,"minecraft:light_gray_terracotta":2,"minecraft:chiseled_red_sandstone":1,"minecraft:tuff":1,"botania:overgrowth_seed":2,"minecraft:black_terracotta":1,"minecraft:rotten_flesh":25,"minecraft:oak_planks":8,"minecraft:red_sandstone_slab":1,"minecraft:stone_slab":4,"minecraft:white_terracotta":1,"minecraft:potato":17,"minecraft:orange_terracotta":1,"minecraft:dropper":1,"minecraft:red_sandstone_stairs":1},"minecraft:mined":{"minecraft:yellow_terracotta":2,"minecraft:tuff":4,"minecraft:red_carpet":3,"minecraft:stone_pressure_plate":1,"minecraft:black_terracotta":1,"minecraft:chiseled_red_sandstone":3,"minecraft:brewing_stand":2,"minecraft:red_sand":8,"minecraft:decorated_pot":1,"minecraft:brown_wool":13,"minecraft:red_sandstone_stairs":1,"minecraft:oak_pressure_plate":3,"mythicmounts:firebird_feather":1,"minecraft:spawner":3,"minecraft:hay_block":12,"minecraft:raw_gold_block":5,"minecraft:red_sandstone":57,"minecraft:iron_ore":97,"minecraft:barrel":2,"minecraft:target":1,"minecraft:gold_block":5,"minecraft:smooth_red_sandstone":3,"minecraft:polished_deepslate_slab":2,"minecraft:oak_stairs":1,"minecraft:stripped_oak_log":3,"minecraft:stone":40,"minecraft:white_wool":17,"minecraft:ender_chest":1,"minecraft:acacia_leaves":2,"minecraft:red_bed":10,"philipsruins:red_sand_stone_brick":3,"minecraft:red_sandstone_slab":3,"minecraft:red_wool":3,"minecraft:orange_terracotta":2,"minecraft:observer":1,"minecraft:oak_fence":2,"minecraft:crafting_table":4,"minecraft:torch":5,"minecraft:light_gray_terracotta":2,"minecraft:blast_furnace":2,"minecraft:emerald_ore":3,"minecraft:dropper":1,"minecraft:stone_slab":4,"minecraft:tall_grass":1,"minecraft:smooth_red_sandstone_slab":2,"minecraft:lapis_ore":1,"minecraft:oak_planks":5,"minecraft:damaged_anvil":1,"minecraft:iron_door":1,"minecraft:wall_torch":5,"minecraft:white_terracotta":1,"minecraft:red_candle":1,"minecraft:blue_terracotta":1,"minecraft:dark_oak_slab":1,"minecraft:tnt":17,"minecraft:stone_brick_stairs":1,"minecraft:grass":5,"minecraft:oak_log":27,"minecraft:coal_ore":45,"minecraft:gravel":2,"minecraft:cobweb":2,"minecraft:terracotta":1,"minecraft:cut_red_sandstone":15,"minecraft:dispenser":1,"minecraft:deepslate_emerald_ore":1,"minecraft:iron_trapdoor":1},"minecraft:picked_up":{"minecraft:shelter_pottery_sherd":1,"minecraft:crafting_table":4,"minecraft:iron_trapdoor":1,"minecraft:red_sandstone_stairs":1,"minecraft:lead":9,"minecraft:stone_slab":4,"minecraft:oak_stairs":1,"minecraft:gold_block":5,"minecraft:stone_brick_stairs":1,"minecraft:brewing_stand":2,"minecraft:string":2,"minecraft:red_bed":11,"minecraft:red_candle":3,"minecraft:pufferfish":6,"minecraft:smooth_red_sandstone_slab":2,"minecraft:red_sand":5,"minecraft:beef":7,"mythicmounts:firebird_feather":4,"minecraft:observer":1,"minecraft:stick":4,"minecraft:raw_iron":97,"minecraft:sheaf_pottery_sherd":1,"minecraft:raw_gold_block":5,"minecraft:oak_fence":2,"minecraft:torch":14,"minecraft:stone_pressure_plate":1,"botania:overgrowth_seed":1,"minecraft:tnt":15,"minecraft:stone_sword":4,"minecraft:arrow":3,"minecraft:rotten_flesh":38,"minecraft:red_sandstone_slab":3,"minecraft:hay_block":12,"minecraft:yellow_terracotta":2,"minecraft:white_terracotta":1,"minecraft:obsidian":8,"minecraft:mutton":1,"minecraft:white_wool":20,"minecraft:cobblestone":17,"minecraft:stripped_oak_log":3,"minecraft:iron_door":1,"minecraft:smooth_red_sandstone":3,"minecraft:brown_wool":13,"minecraft:leather":2,"minecraft:potato":1,"minecraft:tuff":1,"minecraft:oak_log":27,"minecraft:lapis_lazuli":5,"minecraft:orange_terracotta":2,"philipsruins:red_sand_stone_brick":3,"minecraft:red_carpet":5,"minecraft:bone":1,"minecraft:red_sandstone":57,"minecraft:wheat_seeds":1,"minecraft:oak_planks":17,"minecraft:scaffolding":1,"minecraft:black_terracotta":2,"minecraft:dark_oak_slab":1,"minecraft:red_wool":3,"waystones:mossy_waystone":1,"minecraft:oak_pressure_plate":3,"minecraft:gravel":2,"minecraft:dropper":2,"minecraft:blast_furnace":2,"minecraft:white_bed":3,"minecraft:leather_helmet":1,"minecraft:cut_red_sandstone":12,"minecraft:light_gray_terracotta":2,"minecraft:dispenser":1,"minecraft:blue_terracotta":1,"minecraft:snort_pottery_sherd":1,"minecraft:stone_axe":1,"minecraft:angler_pottery_sherd":1,"minecraft:painting":1,"minecraft:emerald":6,"minecraft:terracotta":1,"minecraft:chiseled_red_sandstone":3,"minecraft:oak_sapling":4,"minecraft:damaged_anvil":1,"minecraft:coal":44}},"DataVersion":3465}