{"stats":{"minecraft:custom":{"minecraft:interact_with_smithing_table":1,"minecraft:inspect_dropper":2,"minecraft:interact_with_anvil":3,"minecraft:mob_kills":33,"minecraft:interact_with_crafting_table":26,"minecraft:open_barrel":29,"minecraft:leave_game":2,"minecraft:time_since_death":5762,"minecraft:climb_one_cm":5673,"minecraft:sprint_one_cm":329639,"minecraft:walk_one_cm":362365,"minecraft:damage_blocked_by_shield":75,"minecraft:drop":35,"minecraft:talked_to_villager":14,"minecraft:play_time":132268,"minecraft:deaths":1,"minecraft:sneak_time":1278,"minecraft:walk_under_water_one_cm":4609,"minecraft:interact_with_lectern":1,"minecraft:interact_with_brewingstand":4,"minecraft:jump":1628,"minecraft:interact_with_blast_furnace":25,"minecraft:walk_on_water_one_cm":15837,"minecraft:total_world_time":132268,"minecraft:interact_with_furnace":1,"minecraft:sleep_in_bed":10,"minecraft:time_since_rest":5842,"minecraft:damage_taken":1100,"minecraft:trigger_trapped_chest":6,"minecraft:damage_dealt":4738,"minecraft:swim_one_cm":4319,"minecraft:fly_one_cm":314073,"minecraft:open_chest":80,"minecraft:crouch_one_cm":3507,"minecraft:interact_with_smoker":6,"minecraft:fall_one_cm":48670,"minecraft:horse_one_cm":235157},"minecraft:broken":{"minecraft:iron_pickaxe":1},"minecraft:used":{"minecraft:blue_terracotta":1,"minecraft:stone_sword":18,"minecraft:iron_shovel":3,"minecraft:red_sandstone_slab":2,"minecraft:shield":4,"minecraft:torch":20,"minecraft:milk_bucket":1,"minecraft:iron_axe":98,"minecraft:red_carpet":5,"minecraft:bow":12,"minecraft:water_bucket":15,"minecraft:damaged_anvil":1,"minecraft:oak_planks":16,"minecraft:crafting_table":3,"minecraft:red_bed":9,"minecraft:blast_furnace":1,"minecraft:shears":17,"simplyswords:mjolnir":31,"minecraft:red_sandstone":9,"minecraft:bread":27,"minecraft:iron_pickaxe":305,"minecraft:stone_axe":8,"minecraft:cobblestone":2,"travelersbackpack:standard":14,"minecraft:bucket":16,"minecraft:cobweb":2},"minecraft:killed":{"minecraft:husk":13,"minecraft:zombie_villager":11,"minecraft:sheep":3,"minecraft:pillager":1,"minecraft:cow":5},"minecraft:crafted":{"minecraft:oak_planks":32,"usefulbackpacks:backpack_small":1,"minecraft:iron_boots":1,"minecraft:iron_axe":1,"minecraft:crafting_table":1,"minecraft:iron_helmet":1,"minecraft:iron_sword":1,"minecraft:stone_axe":1,"minecraft:bread":2,"minecraft:air":0,"minecraft:iron_chestplate":1,"minecraft:shield":1,"minecraft:stick":4,"minecraft:iron_ingot":106,"minecraft:iron_block":3,"minecraft:stone_sword":1,"minecraft:iron_leggings":1,"minecraft:gold_ingot":1,"minecraft:anvil":1,"minecraft:torch":16,"minecraft:shears":1},"minecraft:dropped":{"minecraft:bread":1,"minecraft:wheat_seeds":1,"minecraft:red_sandstone":1,"minecraft:dark_oak_slab":1,"minecraft:yellow_terracotta":2,"minecraft:red_wool":3,"minecraft:leather_helmet":1,"minecraft:smooth_red_sandstone":2,"minecraft:oak_stairs":1,"minecraft:smooth_red_sandstone_slab":2,"philipsruins:red_sand_stone_brick":3,"minecraft:gravel":2,"minecraft:stone_axe":2,"minecraft:iron_nugget":1,"minecraft:stone_sword":5,"minecraft:light_gray_terracotta":2,"minecraft:chiseled_red_sandstone":1,"minecraft:tuff":1,"minecraft:rotten_flesh":21,"minecraft:oak_planks":8,"minecraft:red_sandstone_slab":1,"minecraft:stone_slab":4,"minecraft:potato":17,"minecraft:orange_terracotta":1,"minecraft:red_sandstone_stairs":1},"minecraft:mined":{"minecraft:yellow_terracotta":2,"minecraft:tuff":4,"minecraft:red_carpet":3,"minecraft:stone_pressure_plate":1,"minecraft:chiseled_red_sandstone":3,"minecraft:brewing_stand":2,"minecraft:decorated_pot":1,"minecraft:brown_wool":13,"minecraft:red_sandstone_stairs":1,"minecraft:oak_pressure_plate":3,"minecraft:spawner":2,"minecraft:hay_block":12,"minecraft:raw_gold_block":5,"minecraft:red_sandstone":41,"minecraft:iron_ore":97,"minecraft:barrel":2,"minecraft:target":1,"minecraft:gold_block":5,"minecraft:smooth_red_sandstone":3,"minecraft:polished_deepslate_slab":2,"minecraft:oak_stairs":1,"minecraft:stripped_oak_log":3,"minecraft:stone":37,"minecraft:white_wool":17,"minecraft:acacia_leaves":2,"minecraft:red_bed":10,"philipsruins:red_sand_stone_brick":3,"minecraft:red_sandstone_slab":3,"minecraft:red_wool":3,"minecraft:orange_terracotta":1,"minecraft:observer":1,"minecraft:crafting_table":3,"minecraft:light_gray_terracotta":2,"minecraft:blast_furnace":2,"minecraft:emerald_ore":3,"minecraft:dropper":1,"minecraft:stone_slab":4,"minecraft:tall_grass":1,"minecraft:smooth_red_sandstone_slab":2,"minecraft:lapis_ore":1,"minecraft:oak_planks":5,"minecraft:damaged_anvil":1,"minecraft:iron_door":1,"minecraft:wall_torch":1,"minecraft:red_candle":1,"minecraft:blue_terracotta":1,"minecraft:dark_oak_slab":1,"minecraft:tnt":12,"minecraft:grass":4,"minecraft:oak_log":27,"minecraft:coal_ore":45,"minecraft:gravel":2,"minecraft:cobweb":2,"minecraft:terracotta":1,"minecraft:dispenser":1,"minecraft:deepslate_emerald_ore":1,"minecraft:iron_trapdoor":1},"minecraft:picked_up":{"minecraft:shelter_pottery_sherd":1,"minecraft:crafting_table":3,"minecraft:iron_trapdoor":1,"minecraft:red_sandstone_stairs":1,"minecraft:lead":3,"minecraft:stone_slab":4,"minecraft:oak_stairs":1,"minecraft:gold_block":5,"minecraft:brewing_stand":2,"minecraft:string":2,"minecraft:red_bed":10,"minecraft:red_candle":3,"minecraft:smooth_red_sandstone_slab":2,"minecraft:beef":7,"minecraft:observer":1,"minecraft:raw_iron":97,"minecraft:sheaf_pottery_sherd":1,"minecraft:raw_gold_block":5,"minecraft:torch":4,"minecraft:stone_pressure_plate":1,"minecraft:tnt":12,"minecraft:stone_sword":4,"minecraft:arrow":2,"minecraft:rotten_flesh":21,"minecraft:red_sandstone_slab":3,"minecraft:hay_block":12,"minecraft:yellow_terracotta":2,"minecraft:mutton":1,"minecraft:white_wool":20,"minecraft:cobblestone":14,"minecraft:stripped_oak_log":3,"minecraft:iron_door":1,"minecraft:smooth_red_sandstone":3,"minecraft:brown_wool":13,"minecraft:leather":2,"minecraft:potato":1,"minecraft:tuff":1,"minecraft:oak_log":27,"minecraft:lapis_lazuli":5,"minecraft:orange_terracotta":1,"philipsruins:red_sand_stone_brick":3,"minecraft:red_carpet":5,"minecraft:red_sandstone":42,"minecraft:wheat_seeds":1,"minecraft:oak_planks":17,"minecraft:scaffolding":1,"minecraft:dark_oak_slab":1,"minecraft:red_wool":3,"minecraft:oak_pressure_plate":3,"minecraft:gravel":2,"minecraft:dropper":1,"minecraft:blast_furnace":2,"minecraft:leather_helmet":1,"minecraft:light_gray_terracotta":2,"minecraft:dispenser":1,"minecraft:blue_terracotta":1,"minecraft:snort_pottery_sherd":1,"minecraft:stone_axe":1,"minecraft:angler_pottery_sherd":1,"minecraft:emerald":5,"minecraft:terracotta":1,"minecraft:chiseled_red_sandstone":3,"minecraft:oak_sapling":4,"minecraft:damaged_anvil":1,"minecraft:coal":44}},"DataVersion":3465}